"bm_gtsummary.expr";"bm_gtsummary.time";"gt_ver"
"simple";1286232236;"1.3.7"
"complex";3647978686;"1.3.7"
"complex";3534011728;"1.3.7"
"complex";3579112898;"1.3.7"
"big_data";731016927;"1.3.7"
"big_data";689566659;"1.3.7"
"big_data";673255083;"1.3.7"
"simple";1245919038;"1.3.7"
"complex";3480842196;"1.3.7"
"big_data";704043277;"1.3.7"
"complex";3496955409;"1.3.7"
"complex";3542319636;"1.3.7"
"big_data";715964365;"1.3.7"
"complex";3510173090;"1.3.7"
"big_data";681589663;"1.3.7"
"big_data";722908810;"1.3.7"
"big_data";678005075;"1.3.7"
"simple";1221769829;"1.3.7"
"simple";1248976218;"1.3.7"
"simple";1226385976;"1.3.7"
"complex";3497223170;"1.3.7"
"simple";1312854627;"1.3.7"
"simple";1430223988;"1.3.7"
"big_data";692508143;"1.3.7"
"complex";3482921487;"1.3.7"
"simple";1218743018;"1.3.7"
"simple";1268646203;"1.3.7"
"big_data";659468499;"1.3.7"
"complex";3430203521;"1.3.7"
"simple";1208332073;"1.3.7"
"big_data";735707153;"1.3.7.9008"
"complex";3736950591;"1.3.7.9008"
"complex";3750059623;"1.3.7.9008"
"simple";1311163864;"1.3.7.9008"
"simple";1334033437;"1.3.7.9008"
"simple";1260558908;"1.3.7.9008"
"big_data";765738983;"1.3.7.9008"
"simple";1297629286;"1.3.7.9008"
"big_data";725460611;"1.3.7.9008"
"big_data";773013385;"1.3.7.9008"
"big_data";757924993;"1.3.7.9008"
"big_data";757685511;"1.3.7.9008"
"simple";1298979947;"1.3.7.9008"
"simple";1310059494;"1.3.7.9008"
"simple";1304079400;"1.3.7.9008"
"complex";4273490273;"1.3.7.9008"
"complex";4025360581;"1.3.7.9008"
"big_data";846316913;"1.3.7.9008"
"complex";4175106493;"1.3.7.9008"
"simple";1457335867;"1.3.7.9008"
"simple";1396809884;"1.3.7.9008"
"complex";3986956295;"1.3.7.9008"
"complex";4102965610;"1.3.7.9008"
"big_data";788831322;"1.3.7.9008"
"big_data";758673052;"1.3.7.9008"
"complex";3860929294;"1.3.7.9008"
"complex";3803422384;"1.3.7.9008"
"complex";3766583419;"1.3.7.9008"
"big_data";793189981;"1.3.7.9008"
"simple";1262003563;"1.3.7.9008"
"complex";3934314972;"1.3.7.9008current_commit"
"big_data";764444072;"1.3.7.9008current_commit"
"complex";3824146244;"1.3.7.9008current_commit"
"big_data";731473563;"1.3.7.9008current_commit"
"complex";3725949925;"1.3.7.9008current_commit"
"simple";1529585154;"1.3.7.9008current_commit"
"simple";1340132957;"1.3.7.9008current_commit"
"big_data";757638115;"1.3.7.9008current_commit"
"complex";3771943302;"1.3.7.9008current_commit"
"simple";1251634139;"1.3.7.9008current_commit"
"simple";1293846807;"1.3.7.9008current_commit"
"big_data";742050679;"1.3.7.9008current_commit"
"complex";3902265109;"1.3.7.9008current_commit"
"complex";3847518897;"1.3.7.9008current_commit"
"simple";1253955101;"1.3.7.9008current_commit"
"complex";3835482296;"1.3.7.9008current_commit"
"big_data";990418437;"1.3.7.9008current_commit"
"big_data";742411853;"1.3.7.9008current_commit"
"simple";1298860598;"1.3.7.9008current_commit"
"simple";1353801460;"1.3.7.9008current_commit"
"simple";1284855515;"1.3.7.9008current_commit"
"simple";1287380302;"1.3.7.9008current_commit"
"complex";3834744714;"1.3.7.9008current_commit"
"complex";3861745124;"1.3.7.9008current_commit"
"complex";3847324231;"1.3.7.9008current_commit"
"simple";1335832286;"1.3.7.9008current_commit"
"big_data";745074589;"1.3.7.9008current_commit"
"big_data";768202398;"1.3.7.9008current_commit"
"big_data";803682032;"1.3.7.9008current_commit"
"big_data";762736747;"1.3.7.9008current_commit"
